{
    "loss": 0.31125587224960327,
    "accuracy": 0.931034505367279
}